feature,drift_score
family_x_ccavg,0.023013470821837002
age,0.021737676185939935
ccavg_income_ratio,0.01679749997367999
income,0.015649473527227807
income_per_person,0.013930505090715627
ccavg,0.010713672583234427
mortgage,0.005868969852810503
income_x_education,0.004481530453820909
mortgage_income_ratio,0.0010584603719634613
ccavg_x_mortgage,0.000750368187373118
