feature,drift_score
mortgage_income_ratio,0.1283715493382777
mortgage,0.1250867169486123
ccavg_x_mortgage,0.1218773774592447
age,0.0237414884452809
ccavg,0.021529092872094
family_x_ccavg,0.0106062917235832
income,0.0024426079480234
income_x_education,0.0018720414582827
income_per_person,0.001263916060995
ccavg_income_ratio,0.0004314892483653